CREATE USER S2DOTNETDEMO PROFILE "DEFAULT" IDENTIFIED BY "s2dotnetdemo" DEFAULT TABLESPACE "USERS" TEMPORARY TABLESPACE "TEMP" ACCOUNT UNLOCK;
GRANT "CONNECT" TO "S2DOTNETDEMO";

GRANT UNLIMITED TABLESPACE TO "S2DOTNETDEMO";
GRANT CREATE TABLE TO "S2DOTNETDEMO";

CREATE TABLE S2DOTNETDEMO.DEPT (
        DEPTNO NUMERIC(2,0) NOT NULL,
        DNAME VARCHAR(14) NULL,
        LOC VARCHAR2(13) NULL,
        VERSIONNO NUMERIC(8,0) NULL,
        ACTIVE NUMERIC(1,0) NULL,
        CONSTRAINT PK_DEPT PRIMARY KEY (DEPTNO)
        );

CREATE TABLE S2DOTNETDEMO.DEPT2 (
		DEPTNO NUMERIC(2,0) NOT NULL,
        DNAME VARCHAR2(14) NULL,
        ACTIVE NUMERIC(1,0) NULL,
		CONSTRAINT PK_DEPT2 PRIMARY KEY (DEPTNO)
        );

CREATE TABLE S2DOTNETDEMO.EMP (
		EMPNO NUMERIC(4,0) NOT NULL,
        ENAME VARCHAR2(10) NULL,
        JOB VARCHAR2(9) NULL,
        MGR NUMERIC(4,0) NULL,
        HIREDATE DATE NULL,
        SAL NUMERIC(7,2) NULL,
        COMM NUMERIC(7,2) NULL,
        DEPTNO NUMERIC(2,0) NULL,
        TSTAMP DATE NUll,
		CONSTRAINT PK_EMP PRIMARY KEY (EMPNO)
        );

CREATE TABLE S2DOTNETDEMO.EMP2 (
		EMPNO NUMERIC(4,0) NOT NULL,
        ENAME VARCHAR2(10) NULL,
        DEPTNUM NUMERIC(2,0) NULL,
		CONSTRAINT PK_EMP2 PRIMARY KEY (EMPNO)
        );

INSERT INTO S2DOTNETDEMO.EMP VALUES (7369, 'SMITH',  'CLERK',     7902, TO_DATE('1980-12-17', 'YYYY-MM-DD'),  800, NULL, 20, TO_DATE('2000-01-01', 'YYYY-MM-DD'));
INSERT INTO S2DOTNETDEMO.EMP VALUES (7499, 'ALLEN',  'SALESMAN',  7698, TO_DATE('1981-02-20', 'YYYY-MM-DD'), 1600,  300, 30, TO_DATE('2000-01-01', 'YYYY-MM-DD'));
INSERT INTO S2DOTNETDEMO.EMP VALUES (7521, 'WARD',   'SALESMAN',  7698, TO_DATE('1981-02-22', 'YYYY-MM-DD'), 1250,  500, 30, TO_DATE('2000-01-01', 'YYYY-MM-DD'));
INSERT INTO S2DOTNETDEMO.EMP VALUES (7566, 'JONES',  'MANAGER',   7839, TO_DATE('1981-04-02', 'YYYY-MM-DD'), 2975, NULL, 20, TO_DATE('2000-01-01', 'YYYY-MM-DD'));
INSERT INTO S2DOTNETDEMO.EMP VALUES (7654, 'MARTIN', 'SALESMAN',  7698, TO_DATE('1981-09-28', 'YYYY-MM-DD'), 1250, 1400, 30, TO_DATE('2000-01-01', 'YYYY-MM-DD'));
INSERT INTO S2DOTNETDEMO.EMP VALUES (7698, 'BLAKE',  'MANAGER',   7839, TO_DATE('1981-05-01', 'YYYY-MM-DD'), 2850, NULL, 30, TO_DATE('2000-01-01', 'YYYY-MM-DD'));
INSERT INTO S2DOTNETDEMO.EMP VALUES (7782, 'CLARK',  'MANAGER',   7839, TO_DATE('1981-06-09', 'YYYY-MM-DD'), 2450, NULL, 10, TO_DATE('2000-01-01', 'YYYY-MM-DD'));
INSERT INTO S2DOTNETDEMO.EMP VALUES (7788, 'SCOTT',  'ANALYST',   7566, TO_DATE('1982-12-09', 'YYYY-MM-DD'), 3000, NULL, 20, TO_DATE('2000-01-01', 'YYYY-MM-DD'));
INSERT INTO S2DOTNETDEMO.EMP VALUES (7839, 'KING',   'PRESIDENT', NULL, TO_DATE('1981-11-17', 'YYYY-MM-DD'), 5000, NULL, 10, TO_DATE('2000-01-01', 'YYYY-MM-DD'));
INSERT INTO S2DOTNETDEMO.EMP VALUES (7844, 'TURNER', 'SALESMAN',  7698, TO_DATE('1981-09-08', 'YYYY-MM-DD'), 1500,    0, 30, TO_DATE('2000-01-01', 'YYYY-MM-DD'));
INSERT INTO S2DOTNETDEMO.EMP VALUES (7876, 'ADAMS',  'CLERK',     7788, TO_DATE('1983-01-12', 'YYYY-MM-DD'), 1100, NULL, 20, TO_DATE('2000-01-01', 'YYYY-MM-DD'));
INSERT INTO S2DOTNETDEMO.EMP VALUES (7900, 'JAMES',  'CLERK',     7698, TO_DATE('1981-12-03', 'YYYY-MM-DD'),  950, NULL, 30, TO_DATE('2000-01-01', 'YYYY-MM-DD'));
INSERT INTO S2DOTNETDEMO.EMP VALUES (7902, 'FORD',   'ANALYST',   7566, TO_DATE('1981-12-03', 'YYYY-MM-DD'), 3000, NULL, 20, TO_DATE('2000-01-01', 'YYYY-MM-DD'));
INSERT INTO S2DOTNETDEMO.EMP VALUES (7934, 'MILLER', 'CLERK',     7782, TO_DATE('1982-01-23', 'YYYY-MM-DD'), 1300, NULL, 10, TO_DATE('2000-01-01', 'YYYY-MM-DD'));
INSERT INTO S2DOTNETDEMO.DEPT VALUES (10, 'ACCOUNTING', 'NEW YORK', 0, 1);
INSERT INTO S2DOTNETDEMO.DEPT VALUES (20, 'RESEARCH',   'DALLAS',   0, 1);
INSERT INTO S2DOTNETDEMO.DEPT VALUES (30, 'SALES',      'CHICAGO',  0, 1);
INSERT INTO S2DOTNETDEMO.DEPT VALUES (40, 'OPERATIONS', 'BOSTON',   0, 1);
INSERT INTO S2DOTNETDEMO.EMP2 VALUES (7369, 'SMITH', 20);
INSERT INTO S2DOTNETDEMO.EMP2 VALUES (7499, 'ALLEN', 30);
INSERT INTO S2DOTNETDEMO.DEPT2 VALUES (20, 'RESEARCH', 1);
INSERT INTO S2DOTNETDEMO.DEPT2 VALUES (30, 'SALES',    0);

COMMIT;

